-- MySQL dump 10.13  Distrib 8.0.41, for Win64 (x86_64)
--
-- Host: 127.0.0.1    Database: social_media
-- ------------------------------------------------------
-- Server version	9.2.0

/*!40101 SET @OLD_CHARACTER_SET_CLIENT=@@CHARACTER_SET_CLIENT */;
/*!40101 SET @OLD_CHARACTER_SET_RESULTS=@@CHARACTER_SET_RESULTS */;
/*!40101 SET @OLD_COLLATION_CONNECTION=@@COLLATION_CONNECTION */;
/*!50503 SET NAMES utf8 */;
/*!40103 SET @OLD_TIME_ZONE=@@TIME_ZONE */;
/*!40103 SET TIME_ZONE='+00:00' */;
/*!40014 SET @OLD_UNIQUE_CHECKS=@@UNIQUE_CHECKS, UNIQUE_CHECKS=0 */;
/*!40014 SET @OLD_FOREIGN_KEY_CHECKS=@@FOREIGN_KEY_CHECKS, FOREIGN_KEY_CHECKS=0 */;
/*!40101 SET @OLD_SQL_MODE=@@SQL_MODE, SQL_MODE='NO_AUTO_VALUE_ON_ZERO' */;
/*!40111 SET @OLD_SQL_NOTES=@@SQL_NOTES, SQL_NOTES=0 */;

--
-- Table structure for table `follows`
--

DROP TABLE IF EXISTS `follows`;
/*!40101 SET @saved_cs_client     = @@character_set_client */;
/*!50503 SET character_set_client = utf8mb4 */;
CREATE TABLE `follows` (
  `id` bigint NOT NULL AUTO_INCREMENT,
  `follower_id` bigint DEFAULT NULL,
  `following_id` bigint DEFAULT NULL,
  PRIMARY KEY (`id`),
  KEY `FKqnkw0cwwh6572nyhvdjqlr163` (`follower_id`),
  KEY `FKonkdkae2ngtx70jqhsh7ol6uq` (`following_id`),
  CONSTRAINT `FKonkdkae2ngtx70jqhsh7ol6uq` FOREIGN KEY (`following_id`) REFERENCES `users` (`id`),
  CONSTRAINT `FKqnkw0cwwh6572nyhvdjqlr163` FOREIGN KEY (`follower_id`) REFERENCES `users` (`id`)
) ENGINE=InnoDB AUTO_INCREMENT=100 DEFAULT CHARSET=utf8mb4 COLLATE=utf8mb4_0900_ai_ci;
/*!40101 SET character_set_client = @saved_cs_client */;

--
-- Dumping data for table `follows`
--

LOCK TABLES `follows` WRITE;
/*!40000 ALTER TABLE `follows` DISABLE KEYS */;
INSERT INTO `follows` VALUES (6,5,4),(36,6,4),(55,8,4),(68,9,7),(70,9,3),(76,4,3),(78,4,7),(85,3,7),(96,19,14),(97,19,7),(98,23,14);
/*!40000 ALTER TABLE `follows` ENABLE KEYS */;
UNLOCK TABLES;

--
-- Table structure for table `posts`
--

DROP TABLE IF EXISTS `posts`;
/*!40101 SET @saved_cs_client     = @@character_set_client */;
/*!50503 SET character_set_client = utf8mb4 */;
CREATE TABLE `posts` (
  `id` bigint NOT NULL AUTO_INCREMENT,
  `body` varchar(255) DEFAULT NULL,
  `created_at` datetime(6) DEFAULT NULL,
  `deleted_at` datetime(6) DEFAULT NULL,
  `status` varchar(255) DEFAULT NULL,
  `title` varchar(255) DEFAULT NULL,
  `updated_at` datetime(6) DEFAULT NULL,
  `user_id` bigint NOT NULL,
  PRIMARY KEY (`id`),
  KEY `FK5lidm6cqbc7u4xhqpxm898qme` (`user_id`),
  CONSTRAINT `FK5lidm6cqbc7u4xhqpxm898qme` FOREIGN KEY (`user_id`) REFERENCES `users` (`id`)
) ENGINE=InnoDB AUTO_INCREMENT=23 DEFAULT CHARSET=utf8mb4 COLLATE=utf8mb4_0900_ai_ci;
/*!40101 SET character_set_client = @saved_cs_client */;

--
-- Dumping data for table `posts`
--

LOCK TABLES `posts` WRITE;
/*!40000 ALTER TABLE `posts` DISABLE KEYS */;
INSERT INTO `posts` VALUES (1,'hhhhhhhhhhhhhhhhhhhh','2025-02-26 22:25:25.205013','2025-02-27 09:30:40.157793','DELETED','hhhhhhhhhhhhhhhhh','2025-02-26 22:25:25.205013',1),(2,'da fix','2025-02-26 22:35:23.121498','2025-02-27 09:30:36.962457','DELETED','da fix','2025-02-26 22:35:23.121498',4),(3,'sua lai loi thanh cong','2025-02-27 10:05:04.958183','2025-02-27 10:33:59.964648','DELETED','da fix','2025-02-27 10:33:59.964648',3),(4,'fix dc chuc nang dang nhap','2025-02-27 10:05:39.168257','2025-02-27 22:13:09.760769','DELETED','can fix','2025-02-27 10:05:39.168348',4),(5,'da xong','2025-02-27 10:06:55.736285','2025-02-27 10:08:02.794805','DELETED','da xong ','2025-02-27 10:08:02.794805',6),(6,'dấdasdas','2025-02-27 10:33:42.159741','2025-02-27 10:34:01.770829','DELETED','da xong ','2025-02-27 10:34:01.770829',3),(7,'dáda','2025-02-27 10:34:12.710531','2025-02-27 22:13:06.655070','DELETED','da fix','2025-02-27 10:34:12.710531',3),(8,'dấd','2025-02-27 10:34:38.448945','2025-02-27 10:35:22.355868','DELETED','đá','2025-02-27 10:35:22.355868',7),(9,'dasdas','2025-02-27 11:18:25.262401','2025-02-27 22:13:04.265086','DELETED','hhhhhhhhhhhhhhhhh','2025-02-27 11:18:25.262401',8),(10,'sdads','2025-02-27 22:12:39.867258','2025-02-27 22:13:00.932564','DELETED','hhhhhhhhhhhhhhhhh','2025-02-27 22:12:39.867258',7),(11,'xin chao day la tesst','2025-02-28 20:41:17.166991',NULL,'ACTIVE','iu riot','2025-03-09 22:29:38.275403',3),(12,'ddd','2025-02-28 20:42:53.373566',NULL,'ACTIVE','da xong ','2025-02-28 20:42:53.373566',7),(13,'gckcyvyvuvugbibbiuyuiuvuviuvub','2025-03-11 14:32:04.911135',NULL,'ACTIVE','hhhhhhhhhhhhhhhhh','2025-03-11 14:32:12.998142',7),(14,'hhhhhhhhhhhhhhhhh','2025-03-11 14:34:33.587073',NULL,'ACTIVE','hhhhhhhhhhhhhhhhh','2025-03-11 14:34:33.587073',4),(15,'cdcddxcx','2025-03-11 14:35:06.879623',NULL,'ACTIVE','da fix','2025-03-11 14:35:06.879623',3),(16,'dfdvfdcscscscscfsc','2025-03-11 14:35:18.667987',NULL,'ACTIVE','hhhhhhhhhhhhhhhhh','2025-03-11 14:35:18.667987',3),(17,'dấdaddas','2025-03-19 22:54:10.401403',NULL,'ACTIVE','da xong ','2025-03-19 22:54:10.401403',7),(19,'đá','2025-03-30 11:18:51.957026',NULL,'ACTIVE','xin  chao ngay moi','2025-03-30 11:18:51.957026',3),(20,'đá','2025-03-30 17:05:45.891928',NULL,'ACTIVE','dá','2025-03-30 17:05:45.891928',7),(21,'123','2025-04-14 23:36:54.003967',NULL,'ACTIVE','de','2025-04-14 23:36:54.003967',14),(22,'da','2025-04-15 20:28:55.201662',NULL,'ACTIVE','de','2025-04-15 20:28:55.201662',23);
/*!40000 ALTER TABLE `posts` ENABLE KEYS */;
UNLOCK TABLES;

--
-- Table structure for table `users`
--

DROP TABLE IF EXISTS `users`;
/*!40101 SET @saved_cs_client     = @@character_set_client */;
/*!50503 SET character_set_client = utf8mb4 */;
CREATE TABLE `users` (
  `id` bigint NOT NULL AUTO_INCREMENT,
  `created_at` datetime(6) DEFAULT NULL,
  `password` varchar(255) DEFAULT NULL,
  `role` varchar(255) DEFAULT NULL,
  `username` varchar(255) DEFAULT NULL,
  PRIMARY KEY (`id`)
) ENGINE=InnoDB AUTO_INCREMENT=25 DEFAULT CHARSET=utf8mb4 COLLATE=utf8mb4_0900_ai_ci;
/*!40101 SET character_set_client = @saved_cs_client */;

--
-- Dumping data for table `users`
--

LOCK TABLES `users` WRITE;
/*!40000 ALTER TABLE `users` DISABLE KEYS */;
INSERT INTO `users` VALUES (1,'2025-02-26 22:25:14.984645','11111111','ADMIN','daiblack1852'),(2,'2025-02-26 22:27:43.220522','11111111','USER','daiblack2004'),(3,'2025-02-26 22:28:32.055229','1852','ADMIN','quockhanh2014'),(4,'2025-02-26 22:34:58.454716','1234','ADMIN','dai1234'),(5,'2025-02-27 09:25:47.604226','12345','USER','khanh123'),(6,'2025-02-27 10:06:31.852329','12345','USER','dao12345'),(7,'2025-02-27 10:21:54.879183','1852','USER','quocdai1234'),(8,'2025-02-27 11:17:50.704873','321','USER','dao123'),(9,'2025-02-28 20:43:15.836092','123','USER','quocdai123'),(10,'2025-03-11 14:40:03.848031','133','USER','123'),(11,'2025-03-19 22:53:12.868878','koi123','USER','koi123'),(12,'2025-03-20 09:53:49.526331','123456','USER','oic'),(13,'2025-03-30 11:19:46.316427','123','USER','ocd'),(14,'2025-03-30 16:54:51.118820','123','USER','de'),(15,'2025-04-01 13:08:02.015195','123','USER','dao'),(16,'2025-04-09 18:38:30.053685','123','USER','da'),(17,'2025-04-13 23:23:01.125399','123','USER','dr'),(18,'2025-04-15 19:55:15.643249','123','USER','qr'),(19,'2025-04-15 20:06:55.934111','123','USER','ki'),(20,'2025-04-15 20:12:50.964155','123','USER','dac'),(21,'2025-04-15 20:18:12.229758','123','USER','vui'),(22,'2025-04-15 20:22:35.181228','123','USER','ve'),(23,'2025-04-15 20:28:28.583146','123','USER','v'),(24,'2025-04-15 20:34:05.793294','123','USER','123');
/*!40000 ALTER TABLE `users` ENABLE KEYS */;
UNLOCK TABLES;
/*!40103 SET TIME_ZONE=@OLD_TIME_ZONE */;

/*!40101 SET SQL_MODE=@OLD_SQL_MODE */;
/*!40014 SET FOREIGN_KEY_CHECKS=@OLD_FOREIGN_KEY_CHECKS */;
/*!40014 SET UNIQUE_CHECKS=@OLD_UNIQUE_CHECKS */;
/*!40101 SET CHARACTER_SET_CLIENT=@OLD_CHARACTER_SET_CLIENT */;
/*!40101 SET CHARACTER_SET_RESULTS=@OLD_CHARACTER_SET_RESULTS */;
/*!40101 SET COLLATION_CONNECTION=@OLD_COLLATION_CONNECTION */;
/*!40111 SET SQL_NOTES=@OLD_SQL_NOTES */;

-- Dump completed on 2025-04-15 20:51:44
